{
  "input_args": {
    "runs": 1,
    "iterations": 30
  },
  "best_val_acc": 0.8518518805503845,
  "best_run": 0,
  "time": [
    175.41098046302795
  ],
  "train_acc": [
    [
      0.5124202370643616,
      0.5230209231376648,
      0.5585148334503174,
      0.6160539984703064,
      0.6651548147201538,
      0.6897315382957458,
      0.7155740857124329,
      0.7400981187820435,
      0.7562364935874939,
      0.7682084441184998,
      0.7817625403404236,
      0.7866146564483643,
      0.7926269769668579,
      0.7990084886550903,
      0.8027002811431885,
      0.8052845597267151,
      0.8093454837799072,
      0.8099256157875061,
      0.8146722316741943,
      0.8188386559486389,
      0.8204208612442017,
      0.8266441822052002,
      0.8273297548294067,
      0.8273297548294067,
      0.8307051062583923,
      0.8339750170707703,
      0.8346605896949768,
      0.834713339805603,
      0.8415167927742004,
      0.8405674695968628
    ]
  ],
  "train_loss": [
    [
      1.9039455652236938,
      1.160201907157898,
      0.8464234471321106,
      0.6930773854255676,
      0.6209510564804077,
      0.5792354345321655,
      0.5446194410324097,
      0.5171827673912048,
      0.4991052746772766,
      0.48461800813674927,
      0.4672784209251404,
      0.4602159261703491,
      0.4530322849750519,
      0.44308820366859436,
      0.43733859062194824,
      0.4339296519756317,
      0.4275156259536743,
      0.4223403334617615,
      0.41719967126846313,
      0.4108608067035675,
      0.4078161120414734,
      0.4018557071685791,
      0.39933016896247864,
      0.3938003182411194,
      0.3905937969684601,
      0.38590431213378906,
      0.38327184319496155,
      0.3775452673435211,
      0.37282174825668335,
      0.3719017207622528
    ]
  ],
  "val_acc": [
    [
      0.43874645233154297,
      0.561253547668457,
      0.5489078760147095,
      0.6723646521568298,
      0.6514719724655151,
      0.7530864477157593,
      0.7321937084197998,
      0.8062677979469299,
      0.8053181171417236,
      0.8281101584434509,
      0.8214625120162964,
      0.830959141254425,
      0.830959141254425,
      0.8366571664810181,
      0.8376068472862244,
      0.8433048725128174,
      0.8319088220596313,
      0.8423551917076111,
      0.8395061492919922,
      0.8423551917076111,
      0.8423551917076111,
      0.8414055109024048,
      0.8414055109024048,
      0.8471035361289978,
      0.8480531573295593,
      0.8518518805503845,
      0.8499525189399719,
      0.8433048725128174,
      0.8509021997451782,
      0.8471035361289978
    ]
  ],
  "val_loss": [
    [
      1.8669309616088867,
      0.8691741824150085,
      0.7451600432395935,
      0.586081326007843,
      0.578023374080658,
      0.4915536642074585,
      0.4880487024784088,
      0.4433540999889374,
      0.44230416417121887,
      0.41857439279556274,
      0.41919752955436707,
      0.4068567454814911,
      0.40538787841796875,
      0.398632287979126,
      0.3954955041408539,
      0.392063707113266,
      0.3907097578048706,
      0.3852711319923401,
      0.3819883465766907,
      0.379517138004303,
      0.37660473585128784,
      0.37472066283226013,
      0.37464532256126404,
      0.36979901790618896,
      0.367586612701416,
      0.36495742201805115,
      0.36095038056373596,
      0.35708358883857727,
      0.3569004535675049,
      0.35474836826324463
    ]
  ]
}