{
  "input_args": {
    "runs": 1,
    "iterations": 100
  },
  "best_val_acc": 0.8584995269775391,
  "best_run": 0,
  "time": [
    7.002090692520142
  ],
  "train_acc": [
    [
      0.5296661853790283,
      0.5825642347335815,
      0.6257581114768982,
      0.6715890765190125,
      0.7297610640525818,
      0.7480090856552124,
      0.7559728026390076,
      0.768261194229126,
      0.7732714414596558,
      0.7782289981842041,
      0.7809187173843384,
      0.7850852012634277,
      0.7879858613014221,
      0.7901481986045837,
      0.7912030220031738,
      0.7917831540107727,
      0.7936817407608032,
      0.795685887336731,
      0.7970570921897888,
      0.7973735332489014,
      0.7989557385444641,
      0.7976372838020325,
      0.7996413707733154,
      0.8004851937294006,
      0.7997468709945679,
      0.8013290166854858,
      0.8012235760688782,
      0.8022783398628235,
      0.8029639720916748,
      0.803016722202301,
      0.8040187954902649,
      0.8041242361068726,
      0.8045461773872375,
      0.805020809173584,
      0.8055482506752014,
      0.8057591915130615,
      0.8059701323509216,
      0.8060756325721741,
      0.8054955005645752,
      0.8059701323509216,
      0.8068667054176331,
      0.8061811327934265,
      0.807710587978363,
      0.8064975738525391,
      0.8068140149116516,
      0.808079719543457,
      0.8081324696540833,
      0.8086598515510559,
      0.8094509840011597,
      0.8088181018829346,
      0.8096091747283936,
      0.8107694983482361,
      0.8095037341117859,
      0.8112441301345825,
      0.8111386299133301,
      0.8109804391860962,
      0.8116133213043213,
      0.8116660714149475,
      0.8118242621421814,
      0.8125098943710327,
      0.8125098943710327,
      0.8126680850982666,
      0.813195526599884,
      0.812351644039154,
      0.8126680850982666,
      0.8129318356513977,
      0.813195526599884,
      0.8138810992240906,
      0.8132482171058655,
      0.8143557906150818,
      0.813986599445343,
      0.8140920996665955,
      0.8146722316741943,
      0.814777672290802,
      0.8139338493347168,
      0.814777672290802,
      0.8142502903938293,
      0.8146722316741943,
      0.8153578639030457,
      0.8150941133499146,
      0.8149359226226807,
      0.8151468634605408,
      0.8158324956893921,
      0.8165181279182434,
      0.815199613571167,
      0.8163598775863647,
      0.8167818188667297,
      0.816412627696991,
      0.816412627696991,
      0.8163071274757385,
      0.8166235685348511,
      0.8175202012062073,
      0.8166763186454773,
      0.8167290687561035,
      0.816834568977356,
      0.8170982599258423,
      0.8167818188667297,
      0.8177838921546936,
      0.8172037601470947,
      0.817836582660675
    ]
  ],
  "train_loss": [
    [
      0.712920069694519,
      0.6780611872673035,
      0.6434109807014465,
      0.6175509095191956,
      0.5942097902297974,
      0.5744469165802002,
      0.557697057723999,
      0.5432679057121277,
      0.5311391353607178,
      0.5206431746482849,
      0.5117039084434509,
      0.5039318203926086,
      0.4971359670162201,
      0.4912499189376831,
      0.4860891103744507,
      0.4814216196537018,
      0.4773213565349579,
      0.47364258766174316,
      0.47033894062042236,
      0.4674575626850128,
      0.46448585391044617,
      0.46237969398498535,
      0.46000513434410095,
      0.45788565278053284,
      0.4559432864189148,
      0.4541366994380951,
      0.45255059003829956,
      0.45090898871421814,
      0.44949212670326233,
      0.4481217861175537,
      0.44685792922973633,
      0.4456608295440674,
      0.44463181495666504,
      0.4436315596103668,
      0.4426731467247009,
      0.44161495566368103,
      0.44058507680892944,
      0.43969473242759705,
      0.4390287399291992,
      0.4382140040397644,
      0.43725335597991943,
      0.43652522563934326,
      0.43595603108406067,
      0.43502771854400635,
      0.4344496428966522,
      0.43373894691467285,
      0.43311259150505066,
      0.43247467279434204,
      0.4320065677165985,
      0.4314280152320862,
      0.4307098984718323,
      0.4303463399410248,
      0.4297240376472473,
      0.42914310097694397,
      0.42868050932884216,
      0.4281328618526459,
      0.4276450276374817,
      0.42715418338775635,
      0.4267595112323761,
      0.4263559579849243,
      0.4257938861846924,
      0.4254230260848999,
      0.4250963628292084,
      0.4246077835559845,
      0.4242111146450043,
      0.42393964529037476,
      0.42340415716171265,
      0.4230363965034485,
      0.4226863384246826,
      0.4222424328327179,
      0.4219461679458618,
      0.42149367928504944,
      0.42115548253059387,
      0.4208671450614929,
      0.4206600785255432,
      0.4201367497444153,
      0.4198741316795349,
      0.41949641704559326,
      0.41934463381767273,
      0.4189310073852539,
      0.41855940222740173,
      0.41832810640335083,
      0.41800618171691895,
      0.4178747534751892,
      0.4173864722251892,
      0.41736945509910583,
      0.4168354570865631,
      0.4165809154510498,
      0.4163605272769928,
      0.4160228669643402,
      0.41578197479248047,
      0.4157388508319855,
      0.41535407304763794,
      0.4150942862033844,
      0.41483619809150696,
      0.4144958257675171,
      0.41423627734184265,
      0.41407471895217896,
      0.41380491852760315,
      0.4135335385799408
    ]
  ],