{
  "input_args": {
    "runs": 1,
    "iterations": 100
  },
  "best_val_acc": 0.8708451986312866,
  "best_run": 0,
  "time": [
    6.958688020706177
  ],
  "train_acc": [
    [
      0.5644744634628296,
      0.6655239462852478,
      0.7298665642738342,
      0.7677337527275085,
      0.7855598330497742,
      0.7960550785064697,
      0.8023310899734497,
      0.805864691734314,
      0.8080270290374756,
      0.81092768907547,
      0.8129845261573792,
      0.814408540725708,
      0.8149359226226807,
      0.8160961866378784,
      0.8173092007637024,
      0.8179420828819275,
      0.8191023468971252,
      0.8196297883987427,
      0.8202099204063416,
      0.8202099204063416,
      0.8208954930305481,
      0.8210537433624268,
      0.821106493473053,
      0.8214756846427917,
      0.8215811252593994,
      0.8219503164291382,
      0.8222667574882507,
      0.822319507598877,
      0.8226886987686157,
      0.8230051398277283,
      0.8232688307762146,
      0.8234270215034485,
      0.8239017128944397,
      0.8240071535110474,
      0.8239544034004211,
      0.8240599036216736,
      0.8243763446807861,
      0.8245872855186462,
      0.8246927857398987,
      0.824956476688385,
      0.8252201676368713,
      0.8256421089172363,
      0.8258002996444702,
      0.8256948590278625,
      0.8260113000869751,
      0.8264859318733215,
      0.8266969323158264,
      0.8270660638809204,
      0.8272770643234253,
      0.8276461958885193,
      0.8276989459991455,
      0.8279099464416504,
      0.8277516961097717,
      0.8281208872795105,
      0.8283318281173706,
      0.8285427689552307,
      0.8284900784492493,
      0.828437328338623,
      0.8287010192871094,
      0.8293339014053345,
      0.8288065195083618,
      0.8285427689552307,
      0.8288065195083618,
      0.8288592100143433,
      0.8287537693977356,
      0.8290174603462219,
      0.8290174603462219,
      0.8291229605674744,
      0.8294394016265869,
      0.829650342464447,
      0.8298085331916809,
      0.8300722241401672,
      0.8302832245826721,
      0.830441415309906,
      0.8303886651992798,
      0.830441415309906,
      0.8305469155311584,
      0.8307578563690186,
      0.8307051062583923,
      0.8308106064796448,
      0.8310215473175049,
      0.831285297870636,
      0.8313379883766174,
      0.8317071795463562,
      0.8319181203842163,
      0.8321818709373474,
      0.8321818709373474,
      0.8320236206054688,
      0.8321291208267212,
      0.8321291208267212,
      0.8322873115539551,
      0.8323928117752075,
      0.8324455618858337,
      0.83249831199646,
      0.8326037526130676,
      0.8326565027236938,
      0.832867443561554,
      0.8330784440040588,
      0.8329729437828064,
      0.8331838846206665
    ]
  ],
  "train_loss": [
    [
      0.6878129243850708,
      0.6761717796325684,
      0.664931058883667,
      0.6540843844413757,
      0.6436462998390198,
      0.6335755586624146,
      0.6239292621612549,
      0.6146700978279114,
      0.6057785749435425,
      0.5973125696182251,
      0.5891777873039246,
      0.5814070105552673,
      0.5739949941635132,
      0.5668579339981079,
      0.5600669980049133,
      0.5535464882850647,
      0.547322690486908,
      0.5413891673088074,
      0.5356898307800293,
      0.5302213430404663,
      0.5250049233436584,
      0.5200102925300598,
      0.515199601650238,
      0.5105938911437988,
      0.5062208771705627,
      0.5019985437393188,
      0.4979046583175659,
      0.49402740597724915,
      0.4902655780315399,
      0.4866814911365509,
      0.48324403166770935,
      0.4799114167690277,
      0.4766988158226013,
      0.47363173961639404,
      0.4706663489341736,
      0.4678262770175934,
      0.465060830116272,
      0.46243414282798767,
      0.4598846137523651,
      0.4574205279350281,
      0.45505526661872864,
      0.4527643322944641,
      0.4505510628223419,
      0.44842323660850525,
      0.44634905457496643,
      0.4443623721599579,
      0.4424261152744293,
      0.4405873417854309,
      0.43875834345817566,
      0.43703681230545044,
      0.4353583753108978,
      0.43371066451072693,
      0.43213433027267456,
      0.43060633540153503,
      0.4291236400604248,
      0.42768535017967224,
      0.42629510164260864,
      0.4249374568462372,
      0.4236220717430115,
      0.42235687375068665,
      0.4211118817329407,
      0.41991135478019714,
      0.41874927282333374,
      0.4176192879676819,
      0.4165075123310089,
      0.4154375493526459,
      0.41439634561538696,
      0.4133882224559784,
      0.4124082624912262,
      0.4114454388618469,
      0.4105079174041748,
      0.4095994532108307,
      0.4087153375148773,
      0.40785905718803406,
      0.40702366828918457,
      0.4061914086341858,
      0.4054011404514313,
      0.40462586283683777,
      0.40387237071990967,
      0.4031352400779724,
      0.40241143107414246,
      0.40171971917152405,
      0.40103358030319214,
      0.40037137269973755,
      0.39971521496772766,
      0.39908429980278015,
      0.39845818281173706,
      0.3978498578071594,
      0.39725762605667114,
      0.3966764211654663,
      0.396109014749527,
      0.3955567181110382,
      0.39501065015792847,
      0.3944832384586334,
      0.3939746022224426,
      0.39346057176589966,
      0.39296507835388184,
      0.39247897267341614,
      0.3919961452484131,
      0.39154064655303955
    ]
  ],