{
 "train_accuracy": [
  0.9106084704399109,
  1.0,
  0.7810781598091125,
  0.8115217089653015,
  0.8264773488044739,
  0.8400689959526062
 ],
 "test_accuracy": [
  0.830389038414485,
  0.7354538781502324,
  0.7788597993638365,
  0.8073892830927331,
  0.8231465622706141,
  0.8344017616833863
 ],
 "model type": [
  "fastText CNN",
  "BERT_CASED nearest neighbors",
  "BERT_CASED NN",
  "BERT_UNCASED NN",
  "all-distilroberta NN",
  "all-mpnet-base NN"
 ]
}