{
 "train_accuracy": [
  0.987500011920929,
  1.0,
  0.9937499761581421,
  1.0,
  0.9312499761581421,
  0.918749988079071
 ],
 "test_accuracy": [
  0.6111111111111112,
  0.8888888888888888,
  0.6111111111111112,
  0.6111111111111112,
  0.6666666666666666,
  0.7777777777777778
 ],
 "model type": [
  "fastText CNN",
  "BERT_CASED nearest neighbors",
  "BERT_CASED NN",
  "BERT_UNCASED NN",
  "all-distilroberta NN",
  "all-mpnet-base NN"
 ]
}