{
 "train_accuracy": [
  0.9929577708244324,
  1.0,
  1.0,
  0.9929577708244324,
  0.9366196990013123,
  0.9366196990013123
 ],
 "test_accuracy": [
  0.6111111111111112,
  0.9027777777777778,
  0.7222222222222222,
  0.7777777777777778,
  0.7777777777777778,
  0.7222222222222222
 ],
 "model type": [
  "fastText CNN",
  "BERT_CASED nearest neighbors",
  "BERT_CASED NN",
  "BERT_UNCASED NN",
  "all-distilroberta NN",
  "all-mpnet-base NN"
 ]
}