{
 "train_accuracy": [
  0.9426751732826233,
  1.0,
  0.9108280539512634,
  0.9235668778419495,
  0.7770700454711914,
  0.7770700454711914
 ],
 "test_accuracy": [
  0.75,
  0.86,
  0.75,
  0.7,
  0.75,
  0.75
 ],
 "model type": [
  "fastText CNN",
  "BERT_CASED nearest neighbors",
  "BERT_CASED NN",
  "BERT_UNCASED NN",
  "all-distilroberta NN",
  "all-mpnet-base NN"
 ]
}