{
 "train_accuracy": [
  0.9548022747039795,
  1.0,
  0.9322034120559692,
  0.9322034120559692,
  0.7740113139152527,
  0.7796609997749329
 ],
 "test_accuracy": [
  0.1,
  0.0,
  0.05,
  0.05,
  0.0,
  0.0
 ],
 "model type": [
  "fastText CNN",
  "BERT_CASED nearest neighbors",
  "BERT_CASED NN",
  "BERT_UNCASED NN",
  "all-distilroberta NN",
  "all-mpnet-base NN"
 ]
}