{
 "train_accuracy": [
  0.8677555322647095,
  1.0,
  0.7324694991111755,
  0.7385109066963196,
  0.7465105652809143,
  0.7531352639198303
 ],
 "test_accuracy": [
  0.7223333333333334,
  0.8446666666666667,
  0.7163333333333334,
  0.7256666666666667,
  0.733,
  0.7426666666666667
 ],
 "model type": [
  "fastText CNN",
  "BERT_CASED nearest neighbors",
  "BERT_CASED NN",
  "BERT_UNCASED NN",
  "all-distilroberta NN",
  "all-mpnet-base NN"
 ]
}