{
 "train_accuracy": [
  0.8616718053817749,
  1.0,
  0.7333061695098877,
  0.7407873868942261,
  0.7458242177963257,
  0.753638744354248
 ],
 "test_accuracy": [
  0.7190936354548484,
  0.8399200266577808,
  0.7174275241586138,
  0.7257580806397868,
  0.7320893035654782,
  0.7394201932689104
 ],
 "model type": [
  "fastText CNN",
  "BERT_CASED nearest neighbors",
  "BERT_CASED NN",
  "BERT_UNCASED NN",
  "all-distilroberta NN",
  "all-mpnet-base NN"
 ]
}