{
  "input_args": {
    "runs": 1,
    "iterations": 58
  },
  "best_val_acc": 0.8727445602416992,
  "best_run": 0,
  "time": [
    11.35307264328003
  ],
  "train_acc": [
    [
      0.5122619867324829,
      0.543009340763092,
      0.5757607817649841,
      0.5993354916572571,
      0.618216335773468,
      0.6403143405914307,
      0.6507040858268738,
      0.6604081988334656,
      0.6774958968162537,
      0.67860347032547,
      0.6873582601547241,
      0.6941617131233215,
      0.7035493850708008,
      0.7150993943214417,
      0.7196350693702698,
      0.7318179607391357,
      0.7452666163444519,
      0.7551816701889038,
      0.7686830759048462,
      0.7779125571250916,
      0.79020094871521,
      0.8036496043205261,
      0.8126153945922852,
      0.8224249482154846,
      0.8290174603462219,
      0.8362955451011658,
      0.8449448943138123,
      0.8513791561126709,
      0.8523284792900085,
      0.8549126982688904,
      0.8582352995872498,
      0.8610832691192627,
      0.8639839887619019,
      0.865618884563446,
      0.8706819415092468,
      0.8683086037635803,
      0.868044912815094,
      0.8694689273834229,
      0.875586748123169,
      0.8742154836654663,
      0.8741100430488586,
      0.8776963353157043,
      0.8784346580505371,
      0.8813881278038025,
      0.8783292174339294,
      0.8789620995521545,
      0.879858672618866,
      0.8832867741584778,
      0.8839723467826843,
      0.8833922147750854,
      0.8822847008705139,
      0.8840778470039368,
      0.8836559057235718,
      0.8871367573738098,
      0.8876113891601562,
      0.8854490518569946,
      0.8880860805511475,
      0.8862929344177246
    ]
  ],
  "train_loss": [
    [
      0.6928164958953857,
      0.6916105151176453,
      0.6900726556777954,
      0.6885002255439758,
      0.6864235997200012,
      0.6838489770889282,
      0.6812558174133301,
      0.6778978109359741,
      0.6734046339988708,
      0.6682440638542175,
      0.6623029708862305,
      0.655811071395874,
      0.6479325890541077,
      0.6376613974571228,
      0.6273131370544434,
      0.6143139004707336,
      0.6005600094795227,
      0.5851694345474243,
      0.5669460296630859,
      0.5475962162017822,
      0.5282880067825317,
      0.5049848556518555,
      0.48329105973243713,
      0.4617699682712555,
      0.440997838973999,
      0.42174699902534485,
      0.40253952145576477,
      0.3858445882797241,
      0.3725866675376892,
      0.3632996380329132,
      0.3542264401912689,
      0.343980073928833,
      0.33695200085639954,
      0.3315896689891815,
      0.32249706983566284,
      0.3217330873012543,
      0.3181639313697815,
      0.3147406578063965,
      0.30730289220809937,
      0.306045800447464,
      0.30283743143081665,
      0.29874387383461,
      0.2987070381641388,
      0.29518941044807434,
      0.2946597933769226,
      0.2929644286632538,
      0.2925417125225067,
      0.28888487815856934,
      0.2843237817287445,
      0.28258126974105835,
      0.2847761809825897,
      0.28100529313087463,
      0.2802428603172302,
      0.2752135097980499,
      0.27373406291007996,
      0.27814212441444397,
      0.27790844440460205,
      0.27546295523643494
    ]
  ],
  "val_acc": [
    [
      0.6115859746932983,
      0.6172839403152466,
      0.664767324924469,
      0.6609686613082886,
      0.6790123581886292,
      0.6961063742637634,
      0.7046533823013306,
      0.7160493731498718,
      0.7264957427978516,
      0.735992431640625,
      0.7473884224891663,
      0.7559354305267334,
      0.7616334557533264,
      0.768281102180481,
      0.768281102180481,
      0.7758784294128418,
      0.7853751182556152,
      0.7986704707145691,
      0.8072174787521362,
      0.8176637887954712,
      0.8167141675949097,
      0.8195631504058838,
      0.830959141254425,
      0.8385565280914307,
      0.8376068472862244,
      0.8471035361289978,
      0.8499525189399719,
      0.8490028381347656,
      0.8547008633613586,
      0.8556505441665649,
      0.8603988885879517,
      0.8584995269775391,
      0.8603988885879517,
      0.8603988885879517,
      0.8584995269775391,
      0.8603988885879517,
      0.8613485097885132,
      0.8632478713989258,
      0.8613485097885132,
      0.8622981905937195,
      0.8632478713989258,
      0.8632478713989258,
      0.8641975522041321,
      0.8641975522041321,
      0.8632478713989258,
      0.8641975522041321,
      0.8651471734046936,
      0.8622981905937195,
      0.8651471734046936,
      0.8651471734046936,
      0.8641975522041321,
      0.8708451986312866,
      0.8622981905937195,
      0.8717948794364929,
      0.8603988885879517,
      0.8717948794364929,
      0.8632478713989258,
      0.8727445602416992
    ]
  ],
  "val_loss": [
    [
      0.6904476881027222,
      0.6881844401359558,
      0.6867068409919739,
      0.6850472688674927,
      0.6823355555534363,
      0.6785481572151184,
      0.6743706464767456,
      0.6696687340736389,
      0.664218008518219,
      0.658178985118866,
      0.6500212550163269,
      0.640557050704956,
      0.6298384070396423,
      0.6184664368629456,
      0.6057128310203552,
      0.5899926424026489,
      0.5726824998855591,
      0.5546692609786987,
      0.5365592837333679,
      0.514767587184906,
      0.4942691922187805,
      0.47337213158607483,
      0.4545970857143402,
      0.43411895632743835,
      0.41920843720436096,
      0.40265944600105286,
      0.389787882566452,
      0.3803456723690033,
      0.3704807758331299,
      0.36537519097328186,
      0.3602951765060425,
      0.3564862310886383,
      0.355118989944458,
      0.3524130582809448,
      0.3503454625606537,
      0.348774254322052,
      0.3463371992111206,
      0.3475446105003357,
      0.3444440960884094,
      0.344827800989151,
      0.34325411915779114,
      0.3433578908443451,
      0.34086155891418457,
      0.3411597013473511,
      0.3405335545539856,
      0.34063413739204407,
      0.33959925174713135,
      0.34154149889945984,
      0.3395621180534363,
      0.34062084555625916,
      0.3416786193847656,
      0.3393573462963104,
      0.34434419870376587,
      0.3396311104297638,
      0.34517940878868103,
      0.34217947721481323,
      0.34580516815185547,
      0.34244057536125183
    ]
  ]
}