{
  "input_args": {
    "runs": 1,
    "iterations": 30
  },
  "best_val_acc": 0.8765432238578796,
  "best_run": 0,
  "time": [
    61.861327171325684
  ],
  "train_acc": [
    [
      0.6089341044425964,
      0.7069774866104126,
      0.7715310454368591,
      0.7957913875579834,
      0.8081324696540833,
      0.8180475831031799,
      0.8231633305549622,
      0.8306524157524109,
      0.8329201936721802,
      0.8390380144119263,
      0.8448393940925598,
      0.8493223190307617,
      0.8492695689201355,
      0.8534887433052063,
      0.8561784625053406,
      0.8597647547721863,
      0.8619270920753479,
      0.8639839887619019,
      0.8673593401908875,
      0.870734691619873,
      0.8738462924957275,
      0.8769579529762268,
      0.8769052028656006,
      0.8829703330993652,
      0.8853963613510132,
      0.8857128024101257,
      0.8877696394920349,
      0.8931490778923035,
      0.893465518951416,
      0.8927799463272095
    ]
  ],
  "train_loss": [
    [
      0.6643168926239014,
      0.5856359004974365,
      0.5241155028343201,
      0.4769606292247772,
      0.44157740473747253,
      0.4197787046432495,
      0.4072192311286926,
      0.397312730550766,
      0.3911713659763336,
      0.38115614652633667,
      0.3728455603122711,
      0.3662055432796478,
      0.3602561354637146,
      0.3546013832092285,
      0.3479064404964447,
      0.34184661507606506,
      0.3362281322479248,
      0.33070051670074463,
      0.324825644493103,
      0.31975337862968445,
      0.31266772747039795,
      0.3077642321586609,
      0.3036002516746521,
      0.29901087284088135,
      0.29381483793258667,
      0.28984805941581726,
      0.28320422768592834,
      0.27813977003097534,
      0.2755281329154968,
      0.2723711133003235
    ]
  ],
  "val_acc": [
    [
      0.670465350151062,
      0.7986704707145691,
      0.8328585028648376,
      0.8547008633613586,
      0.8480531573295593,
      0.8537511825561523,
      0.8566001653671265,
      0.8622981905937195,
      0.8670465350151062,
      0.8689458966255188,
      0.8689458966255188,
      0.8727445602416992,
      0.8708451986312866,
      0.8708451986312866,
      0.8708451986312866,
      0.8708451986312866,
      0.8765432238578796,
      0.8727445602416992,
      0.8689458966255188,
      0.8698955178260803,
      0.8717948794364929,
      0.8727445602416992,
      0.8717948794364929,
      0.8717948794364929,
      0.8708451986312866,
      0.8727445602416992,
      0.8727445602416992,
      0.8755935430526733,
      0.8755935430526733,
      0.8717948794364929
    ]
  ],
  "val_loss": [
    [
      0.6022557020187378,
      0.5145161747932434,
      0.45106041431427,
      0.4129183292388916,
      0.3865931034088135,
      0.3742012083530426,
      0.37256020307540894,
      0.36339041590690613,
      0.361691415309906,
      0.35888680815696716,
      0.3501846194267273,
      0.3477252423763275,
      0.343484491109848,
      0.3413376808166504,
      0.34050801396369934,
      0.3360053300857544,
      0.3355907201766968,
      0.3365040123462677,
      0.3333508372306824,
      0.3335154056549072,
      0.32965967059135437,
      0.3298549950122833,
      0.328917920589447,
      0.3290393054485321,
      0.32927337288856506,
      0.3317764103412628,
      0.3293379843235016,
      0.32764995098114014,
      0.3283873498439789,
      0.3294852375984192
    ]
  ]
}